citing_author,cited_author,cite_year
145,322,2018
384,322,2018
145,708,2018
384,708,2018
145,18,2018
384,18,2018
145,205,2018
384,205,2018
145,113,2018
384,113,2018
145,49,2018
384,49,2018
145,100,2018
384,100,2018
507,205,2018
441,205,2018
229,205,2018
507,113,2018
441,113,2018
229,113,2018
507,49,2018
441,49,2018
229,49,2018
507,666,2018
441,666,2018
229,666,2018
507,439,2018
441,439,2018
229,439,2018
507,122,2018
441,122,2018
229,122,2018
507,682,2018
441,682,2018
229,682,2018
507,699,2018
441,699,2018
229,699,2018
507,215,2018
441,215,2018
229,215,2018
507,457,2018
441,457,2018
229,457,2018
507,536,2018
441,536,2018
229,536,2018
507,707,2018
441,707,2018
229,707,2018
507,447,2018
441,447,2018
229,447,2018
507,744,2018
441,744,2018
229,744,2018
32,205,2015
32,113,2015
32,49,2015
32,666,2015
32,327,2015
32,10,2015
32,250,2015
32,231,2015
32,122,2015
32,337,2015
32,678,2015
32,699,2015
32,599,2015
32,515,2015
32,205,2014
559,205,2014
32,113,2014
559,113,2014
32,49,2014
559,49,2014
32,666,2014
559,666,2014
32,678,2014
559,678,2014
32,457,2014
559,457,2014
32,200,2014
559,200,2014
32,286,2014
559,286,2014
32,279,2014
559,279,2014
32,55,2014
559,55,2014
146,205,2015
328,205,2015
218,205,2015
277,205,2015
146,113,2015
328,113,2015
218,113,2015
277,113,2015
146,49,2015
328,49,2015
218,49,2015
277,49,2015
47,100,2019
329,100,2019
523,100,2019
683,100,2019
12,100,2019
47,585,2019
329,585,2019
523,585,2019
683,585,2019
12,585,2019
47,707,2019
329,707,2019
523,707,2019
683,707,2019
12,707,2019
47,308,2019
329,308,2019
523,308,2019
683,308,2019
12,308,2019
47,420,2019
329,420,2019
523,420,2019
683,420,2019
12,420,2019
47,560,2019
329,560,2019
523,560,2019
683,560,2019
12,560,2019
740,100,2013
695,100,2013
740,290,2013
695,290,2013
740,641,2013
695,641,2013
740,682,2013
695,682,2013
740,699,2013
695,699,2013
740,545,2013
695,545,2013
740,593,2013
695,593,2013
740,280,2013
695,280,2013
740,744,2013
695,744,2013
740,205,2013
695,205,2013
740,49,2013
695,49,2013
740,569,2013
695,569,2013
740,601,2013
695,601,2013
734,100,2011
734,343,2011
734,122,2011
734,682,2011
734,657,2011
734,364,2011
734,588,2011
734,635,2011
734,55,2011
734,200,2011
734,286,2011
734,279,2011
454,100,2015
46,100,2015
745,100,2015
604,100,2015
454,585,2015
46,585,2015
745,585,2015
604,585,2015
454,180,2015
46,180,2015
745,180,2015
604,180,2015
454,255,2015
46,255,2015
745,255,2015
604,255,2015
454,486,2015
46,486,2015
745,486,2015
604,486,2015
454,193,2015
46,193,2015
745,193,2015
604,193,2015
454,647,2015
46,647,2015
745,647,2015
604,647,2015
454,717,2015
46,717,2015
745,717,2015
604,717,2015
454,519,2015
46,519,2015
745,519,2015
604,519,2015
454,535,2015
46,535,2015
745,535,2015
604,535,2015
454,521,2015
46,521,2015
745,521,2015
604,521,2015
454,454,2015
46,454,2015
745,454,2015
604,454,2015
320,100,2012
362,100,2012
417,100,2012
320,343,2012
362,343,2012
417,343,2012
320,666,2012
362,666,2012
417,666,2012
320,327,2012
362,327,2012
417,327,2012
320,200,2012
362,200,2012
417,200,2012
320,286,2012
362,286,2012
417,286,2012
320,279,2012
362,279,2012
417,279,2012
320,91,2012
362,91,2012
417,91,2012
320,463,2012
362,463,2012
417,463,2012
320,654,2012
362,654,2012
417,654,2012
320,413,2012
362,413,2012
417,413,2012
320,231,2012
362,231,2012
417,231,2012
320,601,2012
362,601,2012
417,601,2012
320,563,2012
362,563,2012
417,563,2012
320,27,2012
362,27,2012
417,27,2012
417,100,2011
143,100,2011
15,100,2015
384,100,2015
362,666,2019
417,666,2019
63,666,2019
11,666,2019
148,666,2019
362,535,2019
417,535,2019
63,535,2019
11,535,2019
148,535,2019
362,381,2019
417,381,2019
63,381,2019
11,381,2019
148,381,2019
362,454,2019
417,454,2019
63,454,2019
11,454,2019
148,454,2019
362,641,2019
417,641,2019
63,641,2019
11,641,2019
148,641,2019
362,122,2019
417,122,2019
63,122,2019
11,122,2019
148,122,2019
362,682,2019
417,682,2019
63,682,2019
11,682,2019
148,682,2019
362,540,2019
417,540,2019
63,540,2019
11,540,2019
148,540,2019
362,100,2019
417,100,2019
63,100,2019
11,100,2019
148,100,2019
362,657,2019
417,657,2019
63,657,2019
11,657,2019
148,657,2019
362,729,2019
417,729,2019
63,729,2019
11,729,2019
148,729,2019
15,364,2012
384,364,2012
194,364,2012
15,588,2012
384,588,2012
194,588,2012
15,635,2012
384,635,2012
194,635,2012
15,660,2012
384,660,2012
194,660,2012
15,363,2012
384,363,2012
194,363,2012
15,55,2012
384,55,2012
194,55,2012
87,682,2017
746,682,2017
289,682,2017
370,682,2017
451,682,2017
262,682,2017
537,682,2017
184,682,2017
87,122,2017
746,122,2017
289,122,2017
370,122,2017
451,122,2017
262,122,2017
537,122,2017
184,122,2017
15,678,2013
360,678,2013
145,678,2013
501,678,2013
194,678,2013
15,439,2013
360,439,2013
145,439,2013
501,439,2013
194,439,2013
15,511,2013
360,511,2013
145,511,2013
501,511,2013
194,511,2013
15,654,2013
360,654,2013
145,654,2013
501,654,2013
194,654,2013
15,413,2013
360,413,2013
145,413,2013
501,413,2013
194,413,2013
15,231,2013
360,231,2013
145,231,2013
501,231,2013
194,231,2013
15,601,2013
360,601,2013
145,601,2013
501,601,2013
194,601,2013
15,585,2013
360,585,2013
145,585,2013
501,585,2013
194,585,2013
15,55,2013
360,55,2013
145,55,2013
501,55,2013
194,55,2013
15,52,2013
360,52,2013
145,52,2013
501,52,2013
194,52,2013
15,463,2013
360,463,2013
145,463,2013
501,463,2013
194,463,2013
737,161,2019
692,161,2019
241,161,2019
612,161,2019
209,682,2015
60,682,2015
162,682,2015
209,539,2015
60,539,2015
162,539,2015
209,260,2015
60,260,2015
162,260,2015
209,519,2015
60,519,2015
162,519,2015
209,293,2015
60,293,2015
162,293,2015
209,593,2015
60,593,2015
162,593,2015
209,377,2015
60,377,2015
162,377,2015
209,268,2015
60,268,2015
162,268,2015
209,68,2015
60,68,2015
162,68,2015
416,641,2008
147,641,2008
686,641,2008
736,641,2008
416,707,2008
147,707,2008
686,707,2008
736,707,2008
416,208,2008
147,208,2008
686,208,2008
736,208,2008
28,122,2018
673,122,2018
714,122,2018
551,744,2012
48,744,2012
106,744,2012
65,744,2012
551,682,2012
48,682,2012
106,682,2012
65,682,2012
551,122,2012
48,122,2012
106,122,2012
65,122,2012
551,21,2012
48,21,2012
106,21,2012
65,21,2012
547,491,2009
615,491,2009
366,491,2009
547,628,2009
615,628,2009
366,628,2009
533,122,2009
712,122,2009
700,122,2009
533,68,2009
712,68,2009
700,68,2009
533,308,2009
712,308,2009
700,308,2009
316,343,2016
316,161,2016
316,744,2016
316,291,2016
316,678,2016
316,750,2016
316,752,2016
387,744,2008
257,744,2008
387,707,2008
257,707,2008
387,520,2008
257,520,2008
387,73,2008
257,73,2008
387,367,2008
257,367,2008
387,585,2008
257,585,2008
387,76,2008
257,76,2008
387,613,2008
257,613,2008
387,658,2008
257,658,2008
387,21,2008
257,21,2008
387,707,2009
257,707,2009
387,613,2009
257,613,2009
387,300,2009
257,300,2009
387,20,2009
257,20,2009
387,21,2009
257,21,2009
387,251,2009
257,251,2009
387,658,2009
257,658,2009
528,666,2010
528,327,2010
528,641,2010
528,511,2010
528,55,2010
528,263,2010
471,682,2005
448,682,2005
471,744,2005
448,744,2005
417,343,2016
417,666,2016
417,641,2016
417,678,2016
417,744,2016
417,327,2016
417,70,2016
417,100,2016
417,657,2016
417,291,2016
417,750,2016
417,752,2016
417,254,2016
15,715,2014
384,715,2014
15,325,2014
384,325,2014
15,304,2014
384,304,2014
15,580,2014
384,580,2014
15,635,2014
384,635,2014
516,744,2014
138,744,2014
330,744,2014
694,744,2014
507,343,2014
229,343,2014
507,682,2014
229,682,2014
507,699,2014
229,699,2014
507,234,2014
229,234,2014
507,545,2014
229,545,2014
507,593,2014
229,593,2014
507,231,2014
229,231,2014
507,601,2014
229,601,2014
507,707,2014
229,707,2014
507,280,2014
229,280,2014
406,343,2014
31,343,2014
406,666,2014
31,666,2014
406,327,2014
31,327,2014
406,678,2014
31,678,2014
406,682,2014
31,682,2014
406,161,2014
31,161,2014
406,446,2014
31,446,2014
406,232,2014
31,232,2014
406,425,2014
31,425,2014
406,447,2014
31,447,2014
406,7,2014
31,7,2014
406,122,2014
31,122,2014
406,343,2017
383,343,2017
434,343,2017
406,666,2017
383,666,2017
434,666,2017
406,327,2017
383,327,2017
434,327,2017
406,678,2017
383,678,2017
434,678,2017
406,205,2017
383,205,2017
434,205,2017
406,49,2017
383,49,2017
434,49,2017
406,161,2017
383,161,2017
434,161,2017
406,703,2017
383,703,2017
434,703,2017
406,601,2017
383,601,2017
434,601,2017
528,343,2015
528,682,2015
528,699,2015
528,280,2015
528,122,2015
528,511,2015
528,70,2015
528,545,2015
528,534,2015
528,407,2015
528,285,2015
528,462,2015
528,200,2015
528,286,2015
528,279,2015
528,195,2015
528,95,2015
528,651,2015
528,563,2015
225,678,2015
547,678,2015
400,678,2015
298,678,2015
436,678,2015
225,744,2015
547,744,2015
400,744,2015
298,744,2015
436,744,2015
119,598,2020
132,598,2020
216,598,2020
191,598,2020
528,598,2020
115,598,2020
119,290,2020
132,290,2020
216,290,2020
191,290,2020
528,290,2020
115,290,2020
119,549,2020
132,549,2020
216,549,2020
191,549,2020
528,549,2020
115,549,2020
119,564,2020
132,564,2020
216,564,2020
191,564,2020
528,564,2020
115,564,2020
119,393,2020
132,393,2020
216,393,2020
191,393,2020
528,393,2020
115,393,2020
119,560,2020
132,560,2020
216,560,2020
191,560,2020
528,560,2020
115,560,2020
119,392,2020
132,392,2020
216,392,2020
191,392,2020
528,392,2020
115,392,2020
119,406,2020
132,406,2020
216,406,2020
191,406,2020
528,406,2020
115,406,2020
119,343,2020
132,343,2020
216,343,2020
191,343,2020
528,343,2020
115,343,2020
119,666,2020
132,666,2020
216,666,2020
191,666,2020
528,666,2020
115,666,2020
119,185,2020
132,185,2020
216,185,2020
191,185,2020
528,185,2020
115,185,2020
119,179,2020
132,179,2020
216,179,2020
191,179,2020
528,179,2020
115,179,2020
119,327,2020
132,327,2020
216,327,2020
191,327,2020
528,327,2020
115,327,2020
26,290,2017
26,343,2017
26,161,2017
26,535,2017
26,381,2017
26,454,2017
26,491,2017
26,628,2017
26,540,2017
26,76,2017
26,585,2017
26,21,2017
26,613,2017
26,122,2017
26,682,2017
26,231,2017
26,538,2017
26,707,2017
116,290,2009
475,290,2009
449,290,2009
116,744,2009
475,744,2009
449,744,2009
427,290,2010
137,290,2010
427,641,2010
137,641,2010
427,122,2010
137,122,2010
427,215,2010
137,215,2010
427,682,2010
137,682,2010
427,68,2010
137,68,2010
427,377,2010
137,377,2010
427,744,2010
137,744,2010
427,582,2010
137,582,2010
427,515,2010
137,515,2010
427,481,2010
137,481,2010
427,473,2010
137,473,2010
427,423,2010
137,423,2010
427,674,2010
137,674,2010
427,397,2010
137,397,2010
427,263,2010
137,263,2010
427,353,2010
137,353,2010
427,491,2010
137,491,2010
427,678,2010
137,678,2010
427,578,2010
137,578,2010
417,564,2017
11,564,2017
428,564,2017
502,564,2017
417,666,2017
11,666,2017
428,666,2017
502,666,2017
161,564,2017
161,343,2017
161,666,2017
161,161,2017
161,641,2017
161,122,2017
161,337,2017
161,678,2017
161,682,2017
161,291,2017
161,750,2017
161,195,2017
161,95,2017
161,752,2017
161,49,2017
417,564,2018
464,564,2018
678,343,2019
678,161,2019
678,641,2019
678,678,2019
678,535,2019
678,381,2019
678,454,2019
678,10,2019
678,250,2019
678,231,2019
678,470,2019
567,343,2018
226,343,2018
567,641,2018
226,641,2018
567,180,2018
226,180,2018
567,255,2018
226,255,2018
567,161,2018
226,161,2018
567,446,2018
226,446,2018
567,68,2018
226,68,2018
567,377,2018
226,377,2018
273,343,2019
296,343,2019
273,161,2019
296,161,2019
273,308,2019
296,308,2019
624,343,2017
151,343,2017
458,343,2017
624,491,2017
151,491,2017
458,491,2017
624,628,2017
151,628,2017
458,628,2017
624,744,2017
151,744,2017
458,744,2017
404,343,2019
5,343,2019
652,343,2019
415,343,2019
404,161,2019
5,161,2019
652,161,2019
415,161,2019
404,678,2019
5,678,2019
652,678,2019
415,678,2019
404,535,2019
5,535,2019
652,535,2019
415,535,2019
404,381,2019
5,381,2019
652,381,2019
415,381,2019
404,454,2019
5,454,2019
652,454,2019
415,454,2019
404,707,2019
5,707,2019
652,707,2019
415,707,2019
404,364,2019
5,364,2019
652,364,2019
415,364,2019
404,588,2019
5,588,2019
652,588,2019
415,588,2019
555,343,2018
328,343,2018
211,343,2018
277,343,2018
662,343,2018
617,343,2018
555,161,2018
328,161,2018
211,161,2018
277,161,2018
662,161,2018
617,161,2018
555,105,2018
328,105,2018
211,105,2018
277,105,2018
662,105,2018
617,105,2018
555,81,2018
328,81,2018
211,81,2018
277,81,2018
662,81,2018
617,81,2018
555,328,2018
328,328,2018
211,328,2018
277,328,2018
662,328,2018
617,328,2018
555,535,2018
328,535,2018
211,535,2018
277,535,2018
662,535,2018
617,535,2018
8,343,2014
417,343,2014
143,343,2014
8,678,2014
417,678,2014
143,678,2014
8,744,2014
417,744,2014
143,744,2014
8,55,2014
417,55,2014
143,55,2014
8,294,2014
417,294,2014
143,294,2014
8,613,2014
417,613,2014
143,613,2014
8,254,2014
417,254,2014
143,254,2014
406,590,2017
406,613,2017
678,343,2011
678,161,2011
678,641,2011
678,10,2011
678,250,2011
678,231,2011
678,337,2011
678,678,2011
678,707,2011
678,122,2011
678,744,2011
678,291,2011
678,750,2011
678,590,2011
678,208,2011
678,424,2011
678,153,2011
395,343,2010
678,343,2010
395,678,2010
678,678,2010
395,682,2010
678,682,2010
395,195,2010
678,195,2010
395,95,2010
678,95,2010
395,424,2010
678,424,2010
395,79,2010
678,79,2010
395,590,2010
678,590,2010
395,560,2010
678,560,2010
161,343,2010
161,161,2010
161,122,2010
161,425,2010
161,447,2010
161,68,2010
78,343,2011
125,343,2011
297,343,2011
130,343,2011
644,343,2011
78,161,2011
125,161,2011
297,161,2011
130,161,2011
644,161,2011
78,641,2011
125,641,2011
297,641,2011
130,641,2011
644,641,2011
78,678,2011
125,678,2011
297,678,2011
130,678,2011
644,678,2011
78,122,2011
125,122,2011
297,122,2011
130,122,2011
644,122,2011
78,682,2011
125,682,2011
297,682,2011
130,682,2011
644,682,2011
78,446,2011
125,446,2011
297,446,2011
130,446,2011
644,446,2011
78,291,2011
125,291,2011
297,291,2011
130,291,2011
644,291,2011
78,750,2011
125,750,2011
297,750,2011
130,750,2011
644,750,2011
78,707,2011
125,707,2011
297,707,2011
130,707,2011
644,707,2011
78,657,2011
125,657,2011
297,657,2011
130,657,2011
644,657,2011
78,616,2011
125,616,2011
297,616,2011
130,616,2011
644,616,2011
603,343,2006
711,343,2006
603,666,2006
711,666,2006
603,327,2006
711,327,2006
603,585,2006
711,585,2006
603,122,2006
711,122,2006
603,678,2006
711,678,2006
603,291,2006
711,291,2006
603,752,2006
711,752,2006
603,613,2006
711,613,2006
603,337,2006
711,337,2006
603,707,2006
711,707,2006
280,343,2007
699,343,2007
682,343,2007
280,545,2007
699,545,2007
682,545,2007
280,593,2007
699,593,2007
682,593,2007
280,682,2007
699,682,2007
682,682,2007
280,699,2007
699,699,2007
682,699,2007
280,122,2007
699,122,2007
682,122,2007
280,285,2007
699,285,2007
682,285,2007
280,532,2007
699,532,2007
682,532,2007
280,398,2007
699,398,2007
682,398,2007
280,697,2007
699,697,2007
682,697,2007
126,343,2012
110,343,2012
442,343,2012
396,343,2012
126,161,2012
110,161,2012
442,161,2012
396,161,2012
126,70,2012
110,70,2012
442,70,2012
396,70,2012
126,590,2012
110,590,2012
442,590,2012
396,590,2012
126,744,2012
110,744,2012
442,744,2012
396,744,2012
126,266,2012
110,266,2012
442,266,2012
396,266,2012
126,122,2012
110,122,2012
442,122,2012
396,122,2012
714,343,2013
714,161,2013
714,641,2013
714,678,2013
714,744,2013
714,707,2013
714,364,2013
714,588,2013
714,635,2013
221,343,2018
468,343,2018
718,343,2018
391,343,2018
496,343,2018
221,641,2018
468,641,2018
718,641,2018
391,641,2018
496,641,2018
221,491,2018
468,491,2018
718,491,2018
391,491,2018
496,491,2018
221,628,2018
468,628,2018
718,628,2018
391,628,2018
496,628,2018
221,678,2018
468,678,2018
718,678,2018
391,678,2018
496,678,2018
221,291,2018
468,291,2018
718,291,2018
391,291,2018
496,291,2018
221,752,2018
468,752,2018
718,752,2018
391,752,2018
496,752,2018
221,208,2018
468,208,2018
718,208,2018
391,208,2018
496,208,2018
221,750,2018
468,750,2018
718,750,2018
391,750,2018
496,750,2018
221,460,2018
468,460,2018
718,460,2018
391,460,2018
496,460,2018
221,422,2018
468,422,2018
718,422,2018
391,422,2018
496,422,2018
221,462,2018
468,462,2018
718,462,2018
391,462,2018
496,462,2018
589,343,2014
376,343,2014
589,678,2014
376,678,2014
589,122,2014
376,122,2014
589,707,2014
376,707,2014
589,161,2014
376,161,2014
589,446,2014
376,446,2014
589,68,2014
376,68,2014
589,205,2014
376,205,2014
589,49,2014
376,49,2014
589,665,2014
376,665,2014
589,70,2014
376,70,2014
377,343,2013
377,682,2013
377,699,2013
377,439,2013
377,64,2013
377,514,2013
377,744,2013
377,49,2013
377,122,2013
377,545,2013
377,534,2013
377,215,2013
377,377,2013
377,266,2013
377,161,2013
377,326,2013
377,455,2013
377,205,2013
377,440,2013
660,343,2019
426,343,2019
660,678,2019
426,678,2019
660,707,2019
426,707,2019
660,744,2019
426,744,2019
660,420,2019
426,420,2019
660,457,2019
426,457,2019
660,709,2019
426,709,2019
129,343,2019
351,343,2019
630,343,2019
261,343,2019
120,343,2019
129,439,2019
351,439,2019
630,439,2019
261,439,2019
120,439,2019
129,122,2019
351,122,2019
630,122,2019
261,122,2019
120,122,2019
129,682,2019
351,682,2019
630,682,2019
261,682,2019
120,682,2019
129,540,2019
351,540,2019
630,540,2019
261,540,2019
120,540,2019
640,343,2019
137,343,2019
421,343,2019
271,343,2019
640,161,2019
137,161,2019
421,161,2019
271,161,2019
640,10,2019
137,10,2019
421,10,2019
271,10,2019
640,250,2019
137,250,2019
421,250,2019
271,250,2019
640,231,2019
137,231,2019
421,231,2019
271,231,2019
640,641,2019
137,641,2019
421,641,2019
271,641,2019
640,707,2019
137,707,2019
421,707,2019
271,707,2019
640,744,2019
137,744,2019
421,744,2019
271,744,2019
640,682,2019
137,682,2019
421,682,2019
271,682,2019
640,68,2019
137,68,2019
421,68,2019
271,68,2019
417,343,2015
417,678,2015
417,744,2015
417,205,2015
417,49,2015
417,626,2015
417,254,2015
417,343,2017
354,343,2017
160,343,2017
354,666,2017
160,666,2017
417,744,2017
354,744,2017
160,744,2017
417,491,2017
354,491,2017
160,491,2017
417,364,2017
354,364,2017
160,364,2017
417,588,2017
354,588,2017
160,588,2017
417,635,2017
354,635,2017
160,635,2017
417,614,2017
354,614,2017
160,614,2017
417,33,2017
354,33,2017
160,33,2017
417,660,2017
354,660,2017
160,660,2017
417,363,2017
354,363,2017
160,363,2017
417,68,2017
354,68,2017
160,68,2017
417,626,2017
354,626,2017
160,626,2017
417,254,2017
354,254,2017
160,254,2017
564,343,2015
417,666,2015
564,666,2015
564,678,2015
417,707,2015
564,707,2015
564,254,2015
417,325,2015
564,325,2015
564,49,2015
168,343,2015
345,343,2015
168,678,2015
345,678,2015
168,545,2015
345,545,2015
168,593,2015
345,593,2015
168,122,2015
345,122,2015
168,614,2015
345,614,2015
168,33,2015
345,33,2015
168,744,2015
345,744,2015
168,55,2015
345,55,2015
168,52,2015
345,52,2015
168,68,2015
345,68,2015
168,282,2015
345,282,2015
168,699,2015
345,699,2015
168,599,2015
345,599,2015
168,592,2015
345,592,2015
168,590,2015
345,590,2015
132,343,2017
528,343,2017
132,666,2017
528,666,2017
132,327,2017
528,327,2017
132,122,2017
528,122,2017
132,682,2017
528,682,2017
132,744,2017
528,744,2017
132,413,2017
528,413,2017
132,231,2017
528,231,2017
675,343,2016
666,343,2016
675,666,2016
666,666,2016
675,327,2016
666,327,2016
675,641,2016
666,641,2016
675,122,2016
666,122,2016
675,491,2016
666,491,2016
675,628,2016
666,628,2016
675,70,2016
666,70,2016
675,205,2016
666,205,2016
675,49,2016
666,49,2016
675,593,2016
666,593,2016
675,705,2016
666,705,2016
675,100,2016
666,100,2016
675,657,2016
666,657,2016
675,601,2016
666,601,2016
377,343,2018
275,343,2018
377,682,2018
275,682,2018
377,699,2018
275,699,2018
377,545,2018
275,545,2018
377,593,2018
275,593,2018
377,280,2018
275,280,2018
377,534,2018
275,534,2018
377,377,2018
275,377,2018
362,666,2020
417,666,2020
63,666,2020
171,666,2020
668,666,2020
362,491,2020
417,491,2020
63,491,2020
171,491,2020
668,491,2020
362,232,2020
417,232,2020
63,232,2020
171,232,2020
668,232,2020
362,327,2020
417,327,2020
63,327,2020
171,327,2020
668,327,2020
362,628,2020
417,628,2020
63,628,2020
171,628,2020
668,628,2020
637,666,2019
338,666,2019
754,666,2019
444,666,2020
192,666,2020
650,666,2020
562,666,2020
101,666,2020
444,364,2020
192,364,2020
650,364,2020
562,364,2020
101,364,2020
444,588,2020
192,588,2020
650,588,2020
562,588,2020
101,588,2020
444,635,2020
192,635,2020
650,635,2020
562,635,2020
101,635,2020
444,440,2020
192,440,2020
650,440,2020
562,440,2020
101,440,2020
444,729,2020
192,729,2020
650,729,2020
562,729,2020
101,729,2020
444,691,2020
192,691,2020
650,691,2020
562,691,2020
101,691,2020
444,707,2020
192,707,2020
650,707,2020
562,707,2020
101,707,2020
444,660,2020
192,660,2020
650,660,2020
562,660,2020
101,660,2020
444,363,2020
192,363,2020
650,363,2020
562,363,2020
101,363,2020
444,664,2020
192,664,2020
650,664,2020
562,664,2020
101,664,2020
444,551,2020
192,551,2020
650,551,2020
562,551,2020
101,551,2020
444,244,2020
192,244,2020
650,244,2020
562,244,2020
101,244,2020
132,179,2016
528,179,2016
132,511,2016
528,511,2016
132,666,2016
528,666,2016
132,327,2016
528,327,2016
132,200,2016
528,200,2016
132,286,2016
528,286,2016
132,279,2016
528,279,2016
471,666,2006
471,327,2006
471,682,2006
406,161,2019
560,161,2019
406,678,2019
560,678,2019
406,535,2019
560,535,2019
406,381,2019
560,381,2019
406,454,2019
560,454,2019
406,470,2019
560,470,2019
406,122,2019
560,122,2019
406,343,2019
560,343,2019
406,707,2019
560,707,2019
406,68,2019
560,68,2019
406,291,2019
560,291,2019
406,750,2019
560,750,2019
406,41,2019
560,41,2019
406,399,2019
560,399,2019
406,352,2019
560,352,2019
406,84,2019
560,84,2019
406,364,2019
560,364,2019
406,588,2019
560,588,2019
406,210,2019
560,210,2019
406,635,2019
560,635,2019
406,560,2019
560,560,2019
406,406,2019
560,406,2019
406,752,2019
560,752,2019
511,447,2010
511,511,2010
511,425,2010
511,407,2010
511,285,2010
511,462,2010
511,55,2010
511,68,2010
108,511,2011
511,511,2011
340,511,2011
108,666,2011
511,666,2011
340,666,2011
108,327,2011
511,327,2011
340,327,2011
108,407,2011
511,407,2011
340,407,2011
108,285,2011
511,285,2011
340,285,2011
108,462,2011
511,462,2011
340,462,2011
108,641,2011
511,641,2011
340,641,2011
108,601,2011
511,601,2011
340,601,2011
535,81,2016
611,81,2016
371,81,2016
535,328,2016
611,328,2016
371,328,2016
535,535,2016
611,535,2016
371,535,2016
535,454,2016
611,454,2016
371,454,2016
535,372,2016
611,372,2016
371,372,2016
28,744,2017
714,744,2017
94,161,2010
636,161,2010
44,161,2010
80,161,2010
94,585,2010
636,585,2010
44,585,2010
80,585,2010
94,706,2010
636,706,2010
44,706,2010
80,706,2010
187,161,2020
235,161,2020
362,161,2020
187,678,2020
235,678,2020
362,678,2020
187,122,2020
235,122,2020
362,122,2020
187,343,2020
235,343,2020
362,343,2020
187,337,2020
235,337,2020
362,337,2020
187,325,2020
235,325,2020
362,325,2020
187,707,2020
235,707,2020
362,707,2020
187,3,2020
235,3,2020
362,3,2020
187,744,2020
235,744,2020
362,744,2020
187,511,2020
235,511,2020
362,511,2020
406,161,2021
443,161,2021
406,678,2021
443,678,2021
406,439,2021
443,439,2021
406,343,2021
443,343,2021
406,3,2021
443,3,2021
406,744,2021
443,744,2021
406,122,2021
443,122,2021
406,682,2021
443,682,2021
406,560,2021
443,560,2021
406,406,2021
443,406,2021
406,676,2021
443,676,2021
406,361,2021
443,361,2021
406,19,2021
443,19,2021
406,457,2021
443,457,2021
638,641,2007
508,641,2007
638,707,2007
508,707,2007
638,308,2007
508,308,2007
638,295,2007
508,295,2007
638,301,2007
508,301,2007
638,744,2007
508,744,2007
272,641,2003
107,641,2003
89,641,2003
272,495,2003
107,495,2003
89,495,2003
272,346,2003
107,346,2003
89,346,2003
272,105,2003
107,105,2003
89,105,2003
272,39,2003
107,39,2003
89,39,2003
272,594,2003
107,594,2003
89,594,2003
272,447,2003
107,447,2003
89,447,2003
511,641,2004
511,613,2004
511,632,2004
566,641,2020
283,641,2020
430,641,2020
504,641,2020
566,430,2020
283,430,2020
430,430,2020
504,430,2020
566,585,2020
283,585,2020
430,585,2020
504,585,2020
566,420,2020
283,420,2020
430,420,2020
504,420,2020
566,751,2020
283,751,2020
430,751,2020
504,751,2020
566,308,2020
283,308,2020
430,308,2020
504,308,2020
566,295,2020
283,295,2020
430,295,2020
504,295,2020
344,641,2014
403,641,2014
228,641,2014
344,10,2014
403,10,2014
228,10,2014
344,250,2014
403,250,2014
228,250,2014
344,231,2014
403,231,2014
228,231,2014
344,682,2014
403,682,2014
228,682,2014
344,699,2014
403,699,2014
228,699,2014
344,280,2014
403,280,2014
228,280,2014
344,725,2014
403,725,2014
228,725,2014
344,122,2014
403,122,2014
228,122,2014
344,420,2014
403,420,2014
228,420,2014
228,641,2016
344,641,2016
403,641,2016
228,10,2016
344,10,2016
403,10,2016
228,250,2016
344,250,2016
403,250,2016
228,231,2016
344,231,2016
403,231,2016
228,682,2016
344,682,2016
403,682,2016
228,699,2016
344,699,2016
403,699,2016
228,280,2016
344,280,2016
403,280,2016
228,420,2016
344,420,2016
403,420,2016
228,725,2016
344,725,2016
403,725,2016
228,122,2016
344,122,2016
403,122,2016
94,641,2009
388,641,2009
410,641,2009
189,641,2012
748,641,2012
189,707,2012
748,707,2012
684,641,2019
382,641,2019
133,641,2019
5,641,2019
75,641,2019
684,744,2019
382,744,2019
133,744,2019
5,744,2019
75,744,2019
684,308,2019
382,308,2019
133,308,2019
5,308,2019
75,308,2019
576,641,2008
499,641,2008
576,122,2008
499,122,2008
576,379,2008
499,379,2008
15,641,2013
45,641,2006
197,641,2006
45,491,2006
197,491,2006
45,628,2006
197,628,2006
173,641,2004
149,641,2004
695,641,2011
627,641,2011
2,641,2011
692,678,2019
692,3,2019
404,3,2019
692,744,2019
404,744,2019
692,560,2019
404,560,2019
692,406,2019
404,406,2019
555,381,2018
328,381,2018
211,381,2018
277,381,2018
662,381,2018
617,381,2018
555,454,2018
328,454,2018
211,454,2018
277,454,2018
662,454,2018
617,454,2018
555,658,2018
328,658,2018
211,658,2018
277,658,2018
662,658,2018
617,658,2018
483,511,2009
530,511,2009
313,511,2009
483,707,2009
530,707,2009
313,707,2009
483,198,2009
530,198,2009
313,198,2009
483,678,2009
530,678,2009
313,678,2009
483,613,2009
530,613,2009
313,613,2009
483,62,2009
530,62,2009
313,62,2009
483,364,2009
530,364,2009
313,364,2009
483,588,2009
530,588,2009
313,588,2009
483,635,2009
530,635,2009
313,635,2009
94,10,2017
93,10,2017
388,10,2017
44,10,2017
659,10,2017
94,250,2017
93,250,2017
388,250,2017
44,250,2017
659,250,2017
94,231,2017
93,231,2017
388,231,2017
44,231,2017
659,231,2017
498,10,2009
497,10,2009
498,250,2009
497,250,2009
498,231,2009
497,231,2009
669,10,2014
726,10,2014
29,10,2014
669,250,2014
726,250,2014
29,250,2014
669,231,2014
726,231,2014
29,231,2014
471,641,2007
1,641,2007
123,641,2007
471,704,2007
1,704,2007
123,704,2007
471,680,2007
1,680,2007
123,680,2007
471,460,2007
1,460,2007
123,460,2007
471,462,2007
1,462,2007
123,462,2007
189,641,2006
577,641,2006
748,641,2006
206,641,2006
713,641,2006
158,641,2006
189,308,2006
577,308,2006
748,308,2006
206,308,2006
713,308,2006
158,308,2006
189,295,2006
577,295,2006
748,295,2006
206,295,2006
713,295,2006
158,295,2006
189,744,2006
577,744,2006
748,744,2006
206,744,2006
713,744,2006
158,744,2006
479,641,2011
111,641,2011
661,641,2011
77,641,2011
727,641,2011
479,751,2011
111,751,2011
661,751,2011
77,751,2011
727,751,2011
489,707,2016
611,707,2016
371,707,2016
489,325,2016
611,325,2016
371,325,2016
489,535,2016
489,287,2016
611,287,2016
371,287,2016
489,381,2016
611,381,2016
371,381,2016
489,454,2016
189,707,2008
748,707,2008
689,707,2008
189,744,2008
748,744,2008
689,744,2008
660,744,2007
364,744,2007
635,744,2007
588,744,2007
660,491,2007
364,491,2007
635,491,2007
588,491,2007
660,560,2007
364,560,2007
635,560,2007
588,560,2007
660,376,2007
364,376,2007
635,376,2007
588,376,2007
660,68,2007
364,68,2007
635,68,2007
588,68,2007
660,308,2007
364,308,2007
635,308,2007
588,308,2007
551,100,2010
332,100,2010
323,100,2010
342,100,2010
135,100,2010
188,100,2010
183,208,2008
183,614,2008
183,33,2008
183,707,2008
183,658,2008
183,408,2008
551,707,2006
583,707,2006
323,707,2006
342,707,2006
466,535,2016
602,535,2016
544,751,2013
544,682,2013
544,699,2013
600,682,2012
698,682,2012
49,682,2012
302,682,2012
600,699,2012
698,699,2012
49,699,2012
302,699,2012
600,280,2012
698,280,2012
49,280,2012
302,280,2012
600,582,2012
698,582,2012
49,582,2012
302,582,2012
600,407,2012
698,407,2012
49,407,2012
302,407,2012
600,462,2012
698,462,2012
49,462,2012
302,462,2012
600,49,2012
698,49,2012
49,49,2012
302,49,2012
600,68,2012
698,68,2012
49,68,2012
302,68,2012
660,682,2015
500,682,2015
730,682,2015
660,699,2015
500,699,2015
730,699,2015
660,280,2015
500,280,2015
730,280,2015
660,407,2015
500,407,2015
730,407,2015
660,285,2015
500,285,2015
730,285,2015
660,462,2015
500,462,2015
730,462,2015
660,744,2015
500,744,2015
730,744,2015
237,585,2017
140,585,2017
365,585,2017
517,585,2017
411,585,2017
237,364,2017
140,364,2017
365,364,2017
517,364,2017
411,364,2017
237,635,2017
140,635,2017
365,635,2017
517,635,2017
411,635,2017
237,254,2017
140,254,2017
365,254,2017
517,254,2017
411,254,2017
707,585,2008
707,707,2008
707,198,2008
707,239,2008
707,688,2008
707,82,2008
707,513,2008
707,358,2008
707,658,2008
707,17,2008
707,587,2008
707,76,2008
707,124,2008
707,155,2008
707,153,2008
505,585,2015
312,585,2015
505,70,2015
312,70,2015
505,409,2015
312,409,2015
505,179,2015
312,179,2015
505,127,2015
312,127,2015
505,568,2015
312,568,2015
505,457,2015
312,457,2015
210,585,2005
635,585,2005
588,585,2005
210,658,2005
635,658,2005
588,658,2005
210,491,2005
635,491,2005
588,491,2005
210,68,2005
635,68,2005
588,68,2005
210,62,2005
635,62,2005
588,62,2005
210,76,2005
635,76,2005
588,76,2005
210,258,2005
635,258,2005
588,258,2005
210,343,2005
635,343,2005
588,343,2005
210,484,2005
635,484,2005
588,484,2005
210,105,2005
635,105,2005
588,105,2005
210,364,2005
635,364,2005
588,364,2005
210,282,2005
635,282,2005
588,282,2005
619,585,2020
546,585,2020
467,585,2020
276,585,2020
715,585,2020
177,585,2020
561,585,2020
201,585,2020
386,585,2020
86,585,2020
307,585,2020
619,179,2020
546,179,2020
467,179,2020
276,179,2020
715,179,2020
177,179,2020
561,179,2020
201,179,2020
386,179,2020
86,179,2020
307,179,2020
235,585,2020
235,420,2020
235,447,2020
278,585,2008
581,585,2008
278,744,2008
581,744,2008
61,254,2020
633,254,2020
714,234,2012
714,744,2012
714,511,2012
714,407,2012
714,285,2012
714,462,2012
714,364,2012
714,588,2012
714,707,2012
714,105,2012
714,234,2013
28,407,2013
714,407,2013
28,285,2013
714,285,2013
28,462,2013
714,462,2013
645,37,2008
394,37,2008
639,37,2008
518,37,2008
488,744,2016
653,744,2016
365,744,2016
605,744,2016
97,744,2016
488,21,2016
653,21,2016
365,21,2016
605,21,2016
97,21,2016
488,305,2016
653,305,2016
365,305,2016
605,305,2016
97,305,2016
119,707,2013
465,707,2013
622,707,2013
735,707,2013
119,680,2013
465,680,2013
622,680,2013
735,680,2013
119,460,2013
465,460,2013
622,460,2013
735,460,2013
119,462,2013
465,462,2013
622,462,2013
735,462,2013
119,161,2013
465,161,2013
622,161,2013
735,161,2013
119,364,2013
465,364,2013
622,364,2013
735,364,2013
119,588,2013
465,588,2013
622,588,2013
735,588,2013
119,210,2013
465,210,2013
622,210,2013
735,210,2013
119,635,2013
465,635,2013
622,635,2013
735,635,2013
119,215,2013
465,215,2013
622,215,2013
735,215,2013
119,377,2013
465,377,2013
622,377,2013
735,377,2013
119,614,2013
465,614,2013
622,614,2013
735,614,2013
119,33,2013
465,33,2013
622,33,2013
735,33,2013
377,703,2019
732,703,2019
275,703,2019
377,601,2019
732,601,2019
275,601,2019
377,195,2019
732,195,2019
275,195,2019
377,95,2019
732,95,2019
275,95,2019
377,613,2019
732,613,2019
275,613,2019
377,672,2019
732,672,2019
275,672,2019
377,560,2019
732,560,2019
275,560,2019
377,590,2019
732,590,2019
275,590,2019
214,601,2007
117,601,2007
214,55,2007
117,55,2007
614,682,2007
614,511,2007
614,64,2007
614,514,2007
614,246,2007
614,367,2007
614,613,2007
614,198,2007
614,409,2007
614,292,2007
614,122,2007
614,70,2007
614,333,2007
614,707,2007
614,614,2007
614,33,2007
614,182,2007
614,744,2007
614,301,2007
159,682,2013
419,682,2013
701,682,2013
159,292,2013
419,292,2013
701,292,2013
159,593,2013
419,593,2013
701,593,2013
159,705,2013
419,705,2013
701,705,2013
696,232,2008
586,232,2008
631,232,2008
318,232,2008
597,232,2008
159,682,2017
419,682,2017
671,682,2017
159,707,2017
419,707,2017
671,707,2017
159,122,2017
419,122,2017
671,122,2017
159,593,2017
419,593,2017
671,593,2017
159,705,2017
419,705,2017
671,705,2017
159,610,2017
419,610,2017
671,610,2017
159,445,2017
419,445,2017
671,445,2017
159,616,2017
419,616,2017
671,616,2017
189,239,2009
3,239,2009
510,744,2006
78,744,2006
644,744,2006
728,744,2006
98,707,2011
98,239,2011
98,291,2011
98,678,2011
98,750,2011
40,570,2016
623,570,2016
249,570,2016
99,570,2016
74,570,2016
368,744,2019
477,744,2019
482,744,2019
181,744,2019
284,744,2019
525,744,2019
368,308,2019
477,308,2019
482,308,2019
181,308,2019
284,308,2019
525,308,2019
648,234,2014
492,234,2014
677,234,2014
104,234,2014
648,682,2014
492,682,2014
677,682,2014
104,682,2014
648,122,2014
492,122,2014
677,122,2014
104,122,2014
673,231,2013
714,231,2013
220,231,2013
673,601,2013
714,601,2013
220,601,2013
673,511,2013
714,511,2013
220,511,2013
673,407,2013
220,407,2013
673,285,2013
220,285,2013
673,462,2013
220,462,2013
673,364,2013
220,364,2013
673,588,2013
220,588,2013
337,707,2015
34,707,2015
565,707,2015
337,337,2015
34,337,2015
565,337,2015
337,678,2015
34,678,2015
565,678,2015
624,319,2013
547,744,2010
366,744,2010
42,744,2010
547,491,2010
366,491,2010
42,491,2010
547,628,2010
366,628,2010
42,628,2010
547,353,2010
366,353,2010
42,353,2010
660,511,2011
426,511,2011
660,707,2011
426,707,2011
660,205,2011
426,205,2011
660,49,2011
426,49,2011
660,744,2011
426,744,2011
660,687,2011
426,687,2011
660,596,2011
426,596,2011
660,55,2011
426,55,2011
660,52,2011
426,52,2011
660,300,2011
426,300,2011
660,20,2011
426,20,2011
660,538,2011
426,538,2011
94,420,2020
93,420,2020
136,420,2020
636,420,2020
44,420,2020
94,343,2020
93,343,2020
136,343,2020
636,343,2020
44,343,2020
94,536,2020
93,536,2020
136,536,2020
636,536,2020
44,536,2020
94,538,2020
93,538,2020
136,538,2020
636,538,2020
44,538,2020
94,124,2020
93,124,2020
136,124,2020
636,124,2020
44,124,2020
94,524,2020
93,524,2020
136,524,2020
636,524,2020
44,524,2020
94,596,2020
93,596,2020
136,596,2020
636,596,2020
44,596,2020
490,729,2020
356,729,2020
418,729,2020
753,729,2020
402,729,2020
90,729,2020
94,491,2012
93,491,2012
136,491,2012
44,491,2012
94,628,2012
93,628,2012
136,628,2012
44,628,2012
94,495,2012
93,495,2012
136,495,2012
44,495,2012
38,626,2014
417,626,2014
143,626,2014
38,254,2014
103,447,2006
511,447,2006
121,744,2008
121,176,2008
121,182,2008
121,367,2008
121,213,2008
121,85,2008
121,122,2008
121,682,2008
121,667,2008
121,95,2008
121,195,2008
454,744,2016
535,744,2016
454,486,2016
535,486,2016
454,193,2016
535,193,2016
454,291,2016
535,291,2016
454,678,2016
535,678,2016
454,750,2016
535,750,2016
454,285,2016
535,285,2016
454,462,2016
535,462,2016
454,359,2016
535,359,2016
454,745,2016
535,745,2016
454,454,2016
454,46,2016
535,46,2016
454,744,2015
470,744,2015
454,231,2015
470,231,2015
454,651,2015
470,651,2015
454,563,2015
470,563,2015
454,463,2015
470,463,2015
454,601,2015
470,601,2015
470,535,2015
470,454,2015
696,744,2007
190,744,2007
696,511,2007
190,511,2007
696,658,2007
190,658,2007
696,239,2007
190,239,2007
696,198,2007
190,198,2007
696,346,2007
190,346,2007
696,739,2007
190,739,2007
696,300,2007
190,300,2007
696,431,2007
190,431,2007
696,707,2007
190,707,2007
696,447,2007
190,447,2007
696,514,2007
190,514,2007
707,744,2004
707,239,2004
707,707,2004
707,300,2004
707,20,2004
707,596,2004
707,161,2004
707,550,2004
25,744,2010
421,744,2010
25,588,2010
421,588,2010
25,635,2010
421,635,2010
744,744,2019
170,744,2019
744,682,2019
170,682,2019
744,512,2019
170,512,2019
744,49,2019
170,49,2019
516,744,2018
694,744,2018
385,744,2018
204,744,2018
189,707,2019
487,707,2019
33,200,2003
614,200,2003
33,286,2003
614,286,2003
33,279,2003
614,279,2003
33,613,2003
614,613,2003
33,207,2003
614,207,2003
33,378,2003
614,378,2003
33,219,2003
614,219,2003
33,70,2003
614,70,2003
670,122,2018
670,707,2018
670,377,2018
490,3,2019
490,744,2019
509,511,2013
453,511,2013
690,511,2013
298,511,2013
164,707,2019
92,707,2019
256,707,2019
118,707,2019
164,431,2019
92,431,2019
256,431,2019
118,431,2019
222,707,2006
222,744,2006
222,300,2006
222,20,2006
222,243,2006
222,550,2006
222,584,2006
222,347,2006
222,379,2006
222,594,2006
314,707,2006
707,707,2006
314,208,2006
707,208,2006
314,50,2006
707,50,2006
707,550,2006
551,707,2007
238,707,2007
323,707,2007
342,707,2007
135,707,2007
722,707,2014
707,707,2010
128,707,2007
634,707,2007
174,707,2007
321,707,2019
233,707,2019
9,707,2019
59,707,2019
733,707,2019
16,308,2007
227,420,2019
22,420,2019
526,420,2019
227,585,2019
22,585,2019
526,585,2019
324,491,2009
35,491,2009
324,628,2009
35,628,2009
535,635,2014
466,635,2014
714,254,2014
165,254,2014
58,626,2014
63,626,2014
23,626,2014
414,626,2014
58,254,2014
63,254,2014
23,254,2014
414,254,2014
131,346,2018
435,346,2018
264,346,2018
755,346,2018
643,346,2018
96,346,2018
339,346,2018
655,401,2018
516,680,2012
138,680,2012
694,680,2012
516,460,2012
138,460,2012
694,460,2012
516,462,2012
138,462,2012
694,462,2012
450,292,2013
270,292,2013
527,292,2013
167,292,2013
450,707,2013
270,707,2013
527,707,2013
167,707,2013
450,531,2013
270,531,2013
527,531,2013
167,531,2013
450,311,2013
270,311,2013
527,311,2013
167,311,2013
156,367,2010
485,367,2010
203,367,2010
178,367,2010
432,367,2010
156,409,2010
485,409,2010
203,409,2010
178,409,2010
432,409,2010
156,568,2010
485,568,2010
203,568,2010
178,568,2010
432,568,2010
156,247,2010
485,247,2010
203,247,2010
178,247,2010
432,247,2010
156,579,2010
485,579,2010
203,579,2010
178,579,2010
432,579,2010
156,72,2010
485,72,2010
203,72,2010
178,72,2010
432,72,2010
156,259,2010
485,259,2010
203,259,2010
178,259,2010
432,259,2010
493,292,2009
57,292,2009
469,614,2012
389,614,2012
501,614,2012
66,614,2012
269,614,2012
252,614,2012
469,33,2012
389,33,2012
501,33,2012
66,33,2012
269,33,2012
252,33,2012
469,70,2012
389,70,2012
501,70,2012
66,70,2012
269,70,2012
252,70,2012
469,707,2012
389,707,2012
501,707,2012
66,707,2012
269,707,2012
252,707,2012
331,744,2013
134,744,2013
88,744,2013
331,420,2013
134,420,2013
88,420,2013
547,744,2016
656,744,2016
400,744,2016
357,744,2016
166,744,2008
3,744,2008
506,70,2015
433,70,2015
506,545,2015
433,545,2015
506,534,2015
433,534,2015
506,744,2015
433,744,2015
35,70,2020
154,70,2020
575,70,2020
24,70,2020
36,70,2020
541,744,2013
224,744,2013
595,744,2013
620,744,2013
669,744,2013
726,744,2013
29,744,2013
335,744,2007
242,744,2007
335,55,2007
242,55,2007
335,657,2007
242,657,2007
438,688,2009
438,613,2009
438,687,2009
438,266,2009
438,710,2009
438,369,2009
438,67,2009
438,364,2009
438,588,2009
438,635,2009
724,325,2018
548,325,2018
474,325,2018
492,200,2019
217,200,2019
223,200,2019
556,200,2019
492,286,2019
217,286,2019
223,286,2019
556,286,2019
492,279,2019
217,279,2019
223,279,2019
556,279,2019
492,208,2019
217,208,2019
223,208,2019
556,208,2019
492,707,2019
217,707,2019
223,707,2019
556,707,2019
13,49,2014
230,49,2014
345,49,2014
13,698,2014
230,698,2014
345,698,2014
13,302,2014
230,302,2014
345,302,2014
13,600,2014
230,600,2014
345,600,2014
97,682,2018
437,682,2018
150,682,2018
102,682,2018
94,21,2015
93,21,2015
44,21,2015
94,538,2015
93,538,2015
44,538,2015
94,721,2015
93,721,2015
44,721,2015
94,596,2015
93,596,2015
44,596,2015
94,141,2015
93,141,2015
44,141,2015
472,364,2010
439,364,2010
98,364,2010
472,588,2010
439,588,2010
98,588,2010
472,635,2010
439,635,2010
98,635,2010
492,200,2016
522,200,2016
677,200,2016
217,200,2016
104,200,2016
747,200,2016
492,286,2016
522,286,2016
677,286,2016
217,286,2016
104,286,2016
747,286,2016
492,279,2016
522,279,2016
677,279,2016
217,279,2016
104,279,2016
747,279,2016
56,239,2013
245,239,2013
288,239,2013
707,688,2005
53,239,2019
663,239,2019
175,239,2019
104,239,2019
747,239,2019
53,420,2019
663,420,2019
175,420,2019
104,420,2019
747,420,2019
53,642,2019
663,642,2019
175,642,2019
104,642,2019
747,642,2019
53,658,2019
663,658,2019
175,658,2019
104,658,2019
747,658,2019
53,514,2019
663,514,2019
175,514,2019
104,514,2019
747,514,2019
94,81,2020
93,81,2020
636,81,2020
94,328,2020
93,328,2020
636,328,2020
94,535,2020
93,535,2020
636,535,2020
503,202,2018
355,202,2018
83,614,2009
660,614,2009
83,33,2009
660,33,2009
114,195,2009
114,95,2009
69,6,2018
693,6,2018
298,6,2018
405,6,2018
94,76,2018
93,76,2018
44,76,2018
331,491,2009
134,491,2009
459,491,2009
331,420,2009
134,420,2009
459,420,2009
331,55,2009
134,55,2009
459,55,2009
331,486,2009
134,486,2009
459,486,2009
606,744,2015
623,744,2015
749,744,2015
480,744,2015
542,744,2015
94,741,2010
44,741,2010
80,741,2010
94,39,2010
44,39,2010
80,39,2010
94,64,2010
44,64,2010
80,64,2010
94,685,2010
44,685,2010
80,685,2010
469,300,2006
452,300,2006
66,300,2006
309,300,2006
306,300,2006
390,300,2006
469,20,2006
452,20,2006
66,20,2006
309,20,2006
306,20,2006
390,20,2006
633,738,2019
265,738,2019
716,738,2019
633,109,2019
265,109,2019
716,109,2019
633,553,2019
265,553,2019
716,553,2019
15,621,2010
360,621,2010
511,292,2006
511,462,2006
511,495,2006
554,678,2011
472,678,2011
554,439,2011
472,439,2011
98,439,2011
554,98,2011
472,98,2011
98,98,2011
554,472,2011
472,472,2011
98,472,2011
609,682,2014
54,682,2014
609,699,2014
54,699,2014
344,618,2014
609,618,2014
54,618,2014
344,144,2014
609,144,2014
54,144,2014
344,367,2014
609,367,2014
54,367,2014
344,55,2014
609,55,2014
54,55,2014
609,420,2014
54,420,2014
344,744,2014
609,744,2014
54,744,2014
344,68,2014
609,68,2014
54,68,2014
609,122,2014
54,122,2014
344,182,2014
609,182,2014
54,182,2014
609,641,2014
54,641,2014
742,550,2004
742,707,2004
707,76,2018
707,420,2018
707,585,2018
707,153,2005
707,529,2005
591,539,2020
341,539,2020
412,539,2020
574,539,2020
591,350,2020
341,350,2020
412,350,2020
574,350,2020
315,532,2020
478,532,2020
349,532,2020
552,532,2020
315,310,2020
478,310,2020
349,310,2020
552,310,2020
315,375,2020
478,375,2020
349,375,2020
552,375,2020
315,398,2020
478,398,2020
349,398,2020
552,398,2020
315,460,2020
478,460,2020
349,460,2020
552,460,2020
315,422,2020
478,422,2020
349,422,2020
552,422,2020
315,462,2020
478,462,2020
349,462,2020
552,462,2020
315,454,2020
478,454,2020
349,454,2020
552,454,2020
679,729,2018
471,50,2004
237,141,2018
488,141,2018
140,141,2018
365,141,2018
380,141,2018
97,141,2018
649,141,2018
237,585,2018
488,585,2018
140,585,2018
365,585,2018
380,585,2018
97,585,2018
649,585,2018
60,76,2013
719,76,2013
629,300,2007
681,300,2007
237,300,2007
608,300,2007
720,300,2007
573,300,2007
571,300,2007
303,300,2007
723,300,2007
426,557,2007
660,557,2007
267,557,2007
426,281,2007
660,281,2007
267,281,2007
112,274,2011
324,274,2011
35,274,2011
112,641,2011
324,641,2011
35,641,2011
212,68,2012
640,369,2006
131,37,2019
96,37,2019
339,37,2019
334,37,2019
236,37,2019
493,325,2009
57,325,2009
336,635,2010
646,635,2010
169,635,2010
456,635,2010
535,635,2016
328,635,2016
81,635,2016
328,535,2016
81,535,2016
551,678,2007
374,678,2007
173,744,2002
348,744,2002
373,744,2002
551,744,2005
238,744,2005
142,744,2005
323,744,2005
342,744,2005
707,744,2005
469,292,2006
253,292,2006
317,292,2006
174,744,2012
128,744,2012
551,560,2019
244,560,2019
664,560,2019
707,560,2019
131,413,2018
96,413,2018
334,413,2018
702,413,2018
248,413,2018
131,601,2018
96,601,2018
334,601,2018
702,601,2018
248,601,2018
43,584,2014
558,584,2014
139,584,2014
199,641,2010
14,641,2010
172,641,2010
163,641,2010
743,641,2010
572,641,2010
731,641,2010
199,744,2010
14,744,2010
172,744,2010
163,744,2010
743,744,2010
572,744,2010
731,744,2010
551,744,2003
476,744,2003
323,744,2003
94,343,2013
93,343,2013
136,343,2013
636,343,2013
44,343,2013
94,538,2013
93,538,2013
136,538,2013
636,538,2013
44,538,2013
71,744,2010
51,744,2010
152,744,2010
30,744,2010
461,744,2010
476,744,2011
186,744,2011
429,678,2010
214,706,2007
494,706,2007
196,49,2020
157,49,2020
543,122,2013
625,590,2008
498,590,2008
4,590,2008
299,706,2006
240,706,2006
516,751,2011
694,751,2011
607,751,2011
516,308,2011
694,308,2011
607,308,2011
